{
    "name": "pipeline1",
    "properties": {
        "activities": [
            {
                "name": "If Condition1",
                "type": "IfCondition",
                "dependsOn": [],
                "userProperties": [],
                "typeProperties": {
                    "expression": {
                        "value": "true()",
                        "type": "Expression"
                    }
                }
            }
        ],
        "annotations": []
    }
}