{
    "name": "fbusynapse-WorkspaceDefaultSqlServer",
    "type": "Microsoft.Synapse/workspaces/linkedservices",
    "properties": {
        "typeProperties": {
            "connectionString": "Data Source=tcp:fbusynapse.sql.azuresynapse.net,1433;Initial Catalog=@{linkedService().DBName}"
        },
        "parameters": {
            "DBName": {
                "type": "String"
            }
        },
        "type": "AzureSqlDW",
        "connectVia": {
            "referenceName": "AutoResolveIntegrationRuntime",
            "type": "IntegrationRuntimeReference"
        },
        "annotations": []
    }
}